mode,CPU,size,time,pi
regular,1,5,0.0534484386444,3.13508
regular,2,5,0.0269782543182,3.13856
regular,3,5,0.0180728435516,3.14408
regular,4,5,0.0135903358459,3.13856
regular,1,6,0.559447050095,3.141816
regular,2,6,0.281435251236,3.142396
regular,3,6,0.18903875351,3.14178
regular,4,6,0.141800403595,3.140256
regular,1,7,5.54426503181,3.1410128
regular,2,7,2.82547926903,3.1425268
regular,3,7,1.91988062859,3.1415344
regular,4,7,1.41579961777,3.141278

