mode,CPU,size,time,pi
scale,1,5,0.0535736083984,3.13768
scale,2,5,0.0538105964661,3.14236
scale,3,5,0.0554208755493,3.14405333333
scale,4,5,0.0547277927399,3.14571
scale,1,6,0.556400537491,3.139912
scale,2,6,0.560816764832,3.142252
scale,3,6,0.562910079956,3.14095466667
scale,4,6,0.566769838333,3.141618
scale,1,7,5.56507611275,3.1429408
scale,2,7,5.58323359489,3.141454
scale,3,7,5.61274242401,3.14184866667
scale,4,7,5.62351560593,3.1413374
