grid,block,time,type
32,1,0.424287,cpu
64,1,2.97327,cpu
128,1,10.5274,cpu
256,1,40.6115,cpu
512,1,147.755,cpu